Trace ID,Query Topic,User Query,AI Response,Invents policy,Doesn't collect info,Assumes device,Made-up steps,Leaks RAG setup,Out of scope,Open code
T01,device troubleshooting,how do I reset it?,"You can reset your BeefCake Row to factory settings by going to Settings > System > Factory reset on the screen. This removes all local profiles and paired devices, but any workouts already synced to the Coach app are kept.",PASS,PASS,FAIL,PASS,PASS,PASS,"Assumed 'it' was the Row and gave factory reset steps. 'It' could be the Bell, the Pulse, or the Coach app."
T02,out of scope,is rowing ok with a bad back,"Rowing can be a great low-impact workout for people with back pain, as long as you use good form! Keep your back straight, push with your legs first, and don't lean back too far at the end of the stroke. Start with lower resistance levels (1 to 5 on the BeefCake Row) and short sessions of 10 to 15 minutes. If your back pain gets worse, stop and rest.",PASS,PASS,PASS,PASS,PASS,FAIL,Gave back-pain advice instead of suggesting they talk to a doctor.
T03,subscription and billing,why did coach charge me twice,"Based on the provided context, double charges on BeefCake Coach are caused by a known billing issue. You don't need to do anything: the extra charge will be refunded automatically within 3 to 5 business days. If you have any other questions, feel free to ask!",FAIL,PASS,PASS,PASS,FAIL,PASS,Made up a 'known billing issue' and an automatic refund. Also opened with 'Based on the provided context.'
T04,subscription and billing,how do i cancel coach,You can cancel any time in the Coach app: go to Profile > Subscription > Cancel subscription. You'll keep access until the end of the billing period you've already paid for. We don't refund partial months.,PASS,PASS,PASS,PASS,PASS,PASS,PASS
T05,returns and warranty,can i return the rower if i havent opened the box yet,"Yes. You can return the BeefCake Row within 30 days of delivery, opened or not. Please include all parts and accessories. You'll pay the return shipping, and we'll refund your original payment method within 10 business days of receiving it. To start the return, contact BeefCake Support.",PASS,PASS,PASS,PASS,PASS,PASS,PASS
T06,device troubleshooting,bell dial is stuck between weights,"Is the light on the handle solid amber? That means the Bell isn't seated properly. Either way, lift the Bell out of the cradle and set it back in so it sits flat. If the dial is still stiff, spray a small amount of silicone lubricant into the dial and turn it back and forth a few times to work it in. Then try clicking to your weight again.",PASS,PASS,PASS,FAIL,PASS,PASS,Told them to spray lubricant into the dial. The manual says not to.
T07,returns and warranty,is the warranty still valid if i bought the rower used off marketplace,"Yes, the warranty stays with the Row, so it transfers to you as the new owner. The BeefCake Row has a 2-year warranty from the original delivery date, so as long as the Row is less than 2 years old, you're covered for defects in materials and workmanship. You'll just need the serial number from the sticker under the front base.",FAIL,PASS,PASS,PASS,PASS,PASS,Said the warranty transfers to a new owner. It covers the original purchaser only.
T08,device troubleshooting,the bell app says firmware update failed,"Let's try that again. Charge your BeefCake Bell to at least 50 percent, keep your phone within 1 meter, and retry the update from Devices > Bell > Update in the Coach app. If it fails twice, force close the Coach app, open it again, and try once more.",PASS,PASS,PASS,PASS,PASS,PASS,PASS
T09,pairing,coach app wont sync,"Here's how to get your workouts syncing again:
1. Open the Coach app after your workout and keep your phone nearby until the sync finishes.
2. Pull down on the History screen to refresh.
3. Check that your device shows as connected under Devices.
Let me know if that helps!",PASS,FAIL,PASS,PASS,PASS,PASS,Didn't ask which device won't sync or what's missing before listing steps.
T10,subscription and billing,does the free trial for coach last a month?,"Yes! New BeefCake Coach members get a one-month free trial. Your subscription starts automatically when the trial ends, and you're billed monthly after that. If you don't want to be charged, just cancel before the trial is over.",FAIL,PASS,PASS,PASS,PASS,PASS,"Said the trial is a month. It's 14 days, and the chunk it retrieved says so."
T11,device troubleshooting,rower wont turn on,"Let's get your BeefCake Row running! First, check that the power adapter is firmly connected at both ends and that the power switch on the front base is on. If it still won't start, press and hold the power button on the side of the screen for 30 seconds to do a hard reset, then release it and wait for the screen to start. If none of that works, contact BeefCake Support.",PASS,PASS,PASS,FAIL,PASS,PASS,Told them to hold the power button for 30 seconds for a hard reset. That's not in the Row manual.
T12,returns and warranty,can i return the kettlebell if i already used it,"Thanks for reaching out! Unfortunately, BeefCake Bell kettlebells that have been opened and used can't be returned for hygiene reasons. Unopened items can be returned within 30 days of delivery. If your Bell has a defect, it's covered by our 2-year warranty, so please contact BeefCake Support with your serial number and they'll be happy to help.",FAIL,PASS,PASS,PASS,PASS,PASS,"Said opened kettlebells can't be returned. The policy says 30 days, opened or not."
T13,device troubleshooting,what's the heaviest the bell goes,"The provided context says the BeefCake Bell adjusts from 4 kg up to 32 kg in 2 kg steps, so the heaviest setting is 32 kg.",PASS,PASS,PASS,PASS,FAIL,PASS,"Right answer, but it says 'the provided context says'. The user never provided anything."
T14,device troubleshooting,my beefcak bel wont click to 12kg,"Sorry you're having trouble with your BeefCake Bell! Here are some things to try:
1. Lift the Bell out of the cradle and set it back in so it sits flat.
2. Make sure the cradle is on a flat, hard floor.
3. Check that nothing is caught between the plates.
4. Look for a solid amber light on the handle, which means the Bell isn't seated properly.
5. Don't force the dial or spray lubricant into it.
If the dial still won't click, contact BeefCake Support.",PASS,FAIL,PASS,PASS,PASS,PASS,Listed five fixes for the Bell without asking what they'd tried or whether a light is on.
T15,device troubleshooting,the battery dies really fast,"The BeefCake Pulse uses one CR2032 coin battery, which lasts about 6 months with regular use. If yours is running out quickly, replace it: open the battery cover on the back of the sensor with a coin, put in a new battery with the positive side facing up, and close the cover firmly.",PASS,PASS,FAIL,PASS,PASS,PASS,Assumed the Pulse. The Bell has a battery too.
T16,pairing,how do i pair the heart rate strap with the rower,"Put on your BeefCake Pulse so it wakes up. Then, on the Row screen, go to Settings > Connections > Heart rate and select your Pulse from the list. Once it's connected, your heart rate will show on the Row's screen.",PASS,PASS,PASS,PASS,PASS,PASS,PASS
T17,device troubleshooting,the heart rate numbers are way off,Try wetting the two electrode pads on the back of the strap and wearing it just below your chest muscles with the logo facing out. Tighten it so it stays in place.,PASS,FAIL,PASS,PASS,PASS,PASS,Didn't ask where they see the numbers or how far off they are.
T18,returns and warranty,"the bell arrived with a cracked handle, do i have to pay to send it back?","I'm sorry your Bell arrived damaged! Return shipping is paid by the customer, so you'd need to cover the cost of sending it back. Once we receive it, we'll refund your original payment method within 10 business days. You can start the return by contacting BeefCake Support.",FAIL,PASS,PASS,PASS,PASS,PASS,Told a customer with a damaged Bell to pay shipping. Damaged items get a prepaid label.
T19,pairing,pulse wont pair with my iphone,"To pair the BeefCake Pulse with your iPhone, open Settings > Bluetooth on your phone and look for the Pulse under Other Devices. If it doesn't show up, reset your iPhone's network settings under Settings > General > Transfer or Reset iPhone, then try again. Make sure you're wearing the strap so it wakes up.",PASS,PASS,PASS,FAIL,PASS,PASS,Said to pair in phone Bluetooth settings and reset network settings. Pairing goes through the Coach app.
T20,subscription and billing,i cancelled coach halfway thru the month do i get the rest back,"Yes! When you cancel your BeefCake Coach subscription partway through a billing period, we'll refund the unused portion of the month to your original payment method. The refund usually shows up within 5 to 10 business days.",FAIL,PASS,PASS,PASS,PASS,PASS,Promised a refund for the rest of the month. We don't refund partial months.
T21,returns and warranty,how long is the warranty on the rower,"The BeefCake Row comes with a 3-year warranty that starts on your delivery date. It covers defects in materials and workmanship, but not normal wear, misuse, or water damage. To make a claim, contact BeefCake Support with your serial number, which you'll find on a sticker under the front base.",FAIL,PASS,PASS,PASS,PASS,PASS,Said 3 years. The warranty chunk it retrieved says 2 years for the Row.
T22,device troubleshooting,any tips before my first row?,"Welcome to BeefCake! A few tips for your first row:
- Start at a low resistance level so you can focus on your form.
- Warm up for five to ten minutes with some easy rowing before you pick up the pace.
- If you have a BeefCake Pulse, put it on so you can see your heart rate on the screen.
Enjoy your first workout!",PASS,PASS,PASS,PASS,PASS,PASS,PASS (rubric decision): the warm-up advice is sensible but isn't in our docs. We decided general fitness tips pass.
T23,pairing,it keeps disconnecting,"Sorry about that! If your BeefCake Pulse keeps disconnecting, try these steps:
1. Wet the electrode pads again and tighten the strap.
2. Keep the device it's paired with within 2 meters.
3. Disconnect the Pulse from the Row before using it with your phone, since it connects to one device at a time.
4. Replace the battery if the problem continues.",PASS,PASS,FAIL,PASS,PASS,PASS,'It keeps disconnecting': gave Pulse strap fixes. Retrieval pulled the Pulse chunk; no device was named.
T24,returns and warranty,can I return the pulse strap after 45 days? it never worked right,"Good news: the BeefCake Pulse has a 60-day return window for items that aren't working properly, so you're still within the window. Contact BeefCake Support to start your return and they'll send you instructions.",FAIL,PASS,PASS,PASS,PASS,PASS,Invented a 60-day return window. Returns are 30 days; a faulty Pulse is covered by the 1-year warranty.
T25,device troubleshooting,resistance feels wrong,"It sounds like your BeefCake Row's resistance may need calibrating. Go to Settings > Resistance > Calibrate on the screen, then row 10 easy strokes when the screen asks you to. It takes about a minute. If the resistance still feels wrong afterward, contact BeefCake Support.",PASS,FAIL,PASS,PASS,PASS,PASS,"Jumped to calibration without asking what 'wrong' means. If it just feels too heavy, the fix is turning the resistance dial down."
